patient_id,timestamp,elapsed_sec,heart_rate,spo2,resp_rate
P001,2026-09-07T08:00:00,0,78.2,98.3,15.7
P001,2026-09-07T08:00:05,5,76.8,98.0,16.3
P001,2026-09-07T08:00:10,10,77.3,97.9,15.5
P001,2026-09-07T08:00:15,15,76.9,97.9,16.1
P001,2026-09-07T08:00:20,20,78.6,98.2,15.5
P001,2026-09-07T08:00:25,25,77.1,97.8,16.2
P001,2026-09-07T08:00:30,30,77.1,97.8,16.2
P001,2026-09-07T08:00:35,35,77.9,98.1,16.1
P001,2026-09-07T08:00:40,40,78.0,98.1,16.4
P001,2026-09-07T08:00:45,45,77.6,98.0,16.2
P001,2026-09-07T08:00:50,50,77.7,97.6,16.0
P001,2026-09-07T08:00:55,55,77.5,98.0,16.7
P001,2026-09-07T08:01:00,60,77.0,98.2,15.8
P001,2026-09-07T08:01:05,65,78.1,97.5,15.6
P001,2026-09-07T08:01:10,70,77.7,97.9,16.2
P001,2026-09-07T08:01:15,75,78.1,98.1,16.1
P001,2026-09-07T08:01:20,80,78.2,97.9,16.0
P001,2026-09-07T08:01:25,85,77.3,98.1,16.3
P001,2026-09-07T08:01:30,90,78.1,98.2,16.4
P001,2026-09-07T08:01:35,95,79.5,97.8,16.0
P001,2026-09-07T08:01:40,100,78.4,97.9,16.2
P001,2026-09-07T08:01:45,105,78.7,97.9,16.3
P001,2026-09-07T08:01:50,110,78.5,98.0,16.2
P001,2026-09-07T08:01:55,115,77.6,97.9,16.8
P001,2026-09-07T08:02:00,120,78.5,97.8,15.8
P001,2026-09-07T08:02:05,125,80.5,98.0,16.3
P001,2026-09-07T08:02:10,130,78.6,98.0,16.0
P001,2026-09-07T08:02:15,135,78.4,98.0,16.5
P001,2026-09-07T08:02:20,140,78.0,97.8,16.3
P001,2026-09-07T08:02:25,145,77.4,97.7,16.3
P001,2026-09-07T08:02:30,150,79.1,98.0,15.9
P001,2026-09-07T08:02:35,155,79.5,97.8,16.3
P001,2026-09-07T08:02:40,160,78.9,97.7,17.3
P001,2026-09-07T08:02:45,165,79.2,98.0,16.1
P001,2026-09-07T08:02:50,170,79.1,98.0,16.5
P001,2026-09-07T08:02:55,175,78.6,98.6,16.0
P001,2026-09-07T08:03:00,180,78.2,98.5,15.8
P001,2026-09-07T08:03:05,185,78.4,97.5,16.2
P001,2026-09-07T08:03:10,190,78.9,98.2,16.0
P001,2026-09-07T08:03:15,195,78.1,97.7,15.9
P001,2026-09-07T08:03:20,200,78.8,97.9,16.1
P001,2026-09-07T08:03:25,205,78.0,97.9,16.5
P001,2026-09-07T08:03:30,210,78.5,98.0,16.2
P001,2026-09-07T08:03:35,215,78.9,97.9,16.3
P001,2026-09-07T08:03:40,220,79.4,98.0,16.8
P001,2026-09-07T08:03:45,225,78.5,98.1,16.4
P001,2026-09-07T08:03:50,230,77.5,97.8,16.3
P001,2026-09-07T08:03:55,235,79.0,98.1,16.2
P001,2026-09-07T08:04:00,240,78.3,97.7,16.2
P001,2026-09-07T08:04:05,245,79.2,98.4,16.4
P001,2026-09-07T08:04:10,250,78.1,98.0,16.4
P001,2026-09-07T08:04:15,255,78.9,98.2,16.1
P001,2026-09-07T08:04:20,260,78.9,97.9,16.1
P001,2026-09-07T08:04:25,265,78.3,98.2,15.8
P001,2026-09-07T08:04:30,270,79.4,97.9,16.7
P001,2026-09-07T08:04:35,275,77.5,98.3,15.8
P001,2026-09-07T08:04:40,280,77.8,98.4,16.3
P001,2026-09-07T08:04:45,285,78.2,98.2,16.3
P001,2026-09-07T08:04:50,290,76.7,98.0,17.0
P001,2026-09-07T08:04:55,295,79.0,98.3,16.5
P001,2026-09-07T08:05:00,300,77.5,98.1,16.1
P001,2026-09-07T08:05:05,305,78.0,97.8,16.3
P001,2026-09-07T08:05:10,310,79.1,98.2,16.3
P001,2026-09-07T08:05:15,315,78.9,98.0,16.6
P001,2026-09-07T08:05:20,320,77.1,98.3,16.0
P001,2026-09-07T08:05:25,325,77.2,98.2,16.3
P001,2026-09-07T08:05:30,330,77.8,98.1,16.4
P001,2026-09-07T08:05:35,335,79.2,98.3,16.5
P001,2026-09-07T08:05:40,340,78.6,97.8,16.4
P001,2026-09-07T08:05:45,345,78.8,98.1,16.2
P001,2026-09-07T08:05:50,350,78.1,97.8,16.3
P001,2026-09-07T08:05:55,355,79.1,98.2,16.5
P001,2026-09-07T08:06:00,360,78.5,98.2,16.5
P001,2026-09-07T08:06:05,365,79.1,96.5,16.0
P001,2026-09-07T08:06:10,370,80.2,95.7,15.8
P001,2026-09-07T08:06:15,375,82.5,94.5,16.8
P001,2026-09-07T08:06:20,380,84.5,93.4,16.3
P001,2026-09-07T08:06:25,385,86.4,92.2,16.8
P001,2026-09-07T08:06:30,390,86.9,90.8,16.4
P001,2026-09-07T08:06:35,395,89.8,89.9,16.0
P001,2026-09-07T08:06:40,400,90.7,88.1,16.7
P001,2026-09-07T08:06:45,405,92.1,87.3,16.6
P001,2026-09-07T08:06:50,410,92.0,87.1,16.5
P001,2026-09-07T08:06:55,415,92.7,87.1,16.5
P001,2026-09-07T08:07:00,420,91.7,87.3,16.1
P001,2026-09-07T08:07:05,425,92.1,87.3,15.7
P001,2026-09-07T08:07:10,430,89.2,87.0,15.9
P001,2026-09-07T08:07:15,435,92.5,87.4,16.1
P001,2026-09-07T08:07:20,440,91.3,87.0,16.2
P001,2026-09-07T08:07:25,445,92.7,87.2,16.0
P001,2026-09-07T08:07:30,450,92.4,87.3,15.8
P001,2026-09-07T08:07:35,455,90.5,87.2,15.7
P001,2026-09-07T08:07:40,460,91.4,87.2,16.6
P001,2026-09-07T08:07:45,465,91.5,87.1,16.1
P001,2026-09-07T08:07:50,470,92.6,87.2,16.3
P001,2026-09-07T08:07:55,475,90.9,87.3,16.6
P001,2026-09-07T08:08:00,480,91.7,87.2,16.4
P001,2026-09-07T08:08:05,485,90.7,87.1,16.2
P001,2026-09-07T08:08:10,490,91.7,87.4,16.2
P001,2026-09-07T08:08:15,495,91.2,87.8,16.1
P001,2026-09-07T08:08:20,500,90.1,88.2,15.9
P001,2026-09-07T08:08:25,505,88.1,89.6,15.8
P001,2026-09-07T08:08:30,510,86.3,91.1,15.8
P001,2026-09-07T08:08:35,515,86.4,92.1,16.1
P001,2026-09-07T08:08:40,520,84.2,93.5,15.8
P001,2026-09-07T08:08:45,525,81.0,94.5,16.1
P001,2026-09-07T08:08:50,530,80.7,96.2,15.5
P001,2026-09-07T08:08:55,535,79.0,97.1,15.6
P001,2026-09-07T08:09:00,540,79.2,98.2,15.3
P001,2026-09-07T08:09:05,545,77.9,98.2,16.0
P001,2026-09-07T08:09:10,550,78.5,98.3,15.5
P001,2026-09-07T08:09:15,555,77.0,97.7,16.2
P001,2026-09-07T08:09:20,560,77.1,97.8,16.2
P001,2026-09-07T08:09:25,565,77.6,98.1,16.0
P001,2026-09-07T08:09:30,570,77.5,98.2,15.8
P001,2026-09-07T08:09:35,575,76.6,98.1,15.6
P001,2026-09-07T08:09:40,580,76.8,98.0,16.5
P001,2026-09-07T08:09:45,585,76.8,98.1,15.6
P001,2026-09-07T08:09:50,590,76.9,97.6,15.6
P001,2026-09-07T08:09:55,595,77.2,97.9,16.2
P001,2026-09-07T08:10:00,600,75.7,97.8,16.5
P001,2026-09-07T08:10:05,605,76.9,97.7,16.1
P001,2026-09-07T08:10:10,610,76.6,97.8,16.3
P001,2026-09-07T08:10:15,615,77.3,97.9,16.5
P001,2026-09-07T08:10:20,620,76.3,98.0,16.0
P001,2026-09-07T08:10:25,625,77.6,98.3,16.1
P001,2026-09-07T08:10:30,630,76.5,98.3,15.7
P001,2026-09-07T08:10:35,635,76.3,97.7,16.3
P001,2026-09-07T08:10:40,640,76.9,98.2,15.8
P001,2026-09-07T08:10:45,645,76.5,98.0,16.2
P001,2026-09-07T08:10:50,650,76.4,98.1,16.7
P001,2026-09-07T08:10:55,655,75.3,98.3,16.1
P001,2026-09-07T08:11:00,660,77.1,97.9,16.5
P001,2026-09-07T08:11:05,665,76.7,97.5,15.6
P001,2026-09-07T08:11:10,670,76.6,98.3,15.9
P001,2026-09-07T08:11:15,675,76.8,97.9,16.1
P001,2026-09-07T08:11:20,680,76.8,97.7,15.9
P001,2026-09-07T08:11:25,685,77.8,98.3,16.3
P001,2026-09-07T08:11:30,690,76.5,98.2,15.8
P001,2026-09-07T08:11:35,695,77.4,97.6,16.4
P001,2026-09-07T08:11:40,700,77.8,97.8,16.4
P001,2026-09-07T08:11:45,705,76.6,98.1,16.2
P001,2026-09-07T08:11:50,710,77.9,98.1,16.2
P001,2026-09-07T08:11:55,715,77.0,98.0,15.7
P001,2026-09-07T08:12:00,720,76.5,98.2,15.9
P001,2026-09-07T08:12:05,725,76.7,98.3,15.9
P001,2026-09-07T08:12:10,730,76.3,98.2,16.2
P001,2026-09-07T08:12:15,735,77.0,98.3,16.5
P001,2026-09-07T08:12:20,740,76.4,98.3,16.4
P001,2026-09-07T08:12:25,745,76.4,98.0,16.0
P001,2026-09-07T08:12:30,750,76.7,98.0,15.9
P001,2026-09-07T08:12:35,755,76.7,97.7,16.3
P001,2026-09-07T08:12:40,760,76.5,98.4,16.0
P001,2026-09-07T08:12:45,765,76.5,97.9,15.9
P001,2026-09-07T08:12:50,770,76.3,98.0,16.5
P001,2026-09-07T08:12:55,775,77.5,97.6,16.1
P001,2026-09-07T08:13:00,780,77.2,98.5,15.8
P001,2026-09-07T08:13:05,785,84.8,98.3,16.2
P001,2026-09-07T08:13:10,790,93.8,98.1,16.4
P001,2026-09-07T08:13:15,795,99.1,97.9,16.4
P001,2026-09-07T08:13:20,800,107.3,98.1,16.4
P001,2026-09-07T08:13:25,805,114.7,98.2,16.5
P001,2026-09-07T08:13:30,810,121.7,98.2,16.6
P001,2026-09-07T08:13:35,815,121.8,98.3,16.7
P001,2026-09-07T08:13:40,820,121.2,98.3,16.7
P001,2026-09-07T08:13:45,825,122.4,98.2,16.4
P001,2026-09-07T08:13:50,830,122.0,98.1,16.4
P001,2026-09-07T08:13:55,835,121.4,98.2,16.7
P001,2026-09-07T08:14:00,840,121.7,98.0,17.1
P001,2026-09-07T08:14:05,845,122.2,98.4,16.7
P001,2026-09-07T08:14:10,850,121.8,98.2,16.6
P001,2026-09-07T08:14:15,855,122.1,98.1,16.7
P001,2026-09-07T08:14:20,860,122.3,97.9,16.4
P001,2026-09-07T08:14:25,865,122.3,98.1,16.1
P001,2026-09-07T08:14:30,870,120.7,98.1,16.9
P001,2026-09-07T08:14:35,875,115.2,98.2,16.4
P001,2026-09-07T08:14:40,880,106.3,98.1,16.6
P001,2026-09-07T08:14:45,885,100.4,97.9,16.1
P001,2026-09-07T08:14:50,890,92.1,98.2,16.8
P001,2026-09-07T08:14:55,895,86.2,98.1,16.3
P001,2026-09-07T08:15:00,900,77.7,98.1,16.7
P001,2026-09-07T08:15:05,905,78.8,98.1,16.3
P001,2026-09-07T08:15:10,910,78.5,97.7,16.0
P001,2026-09-07T08:15:15,915,78.3,97.9,16.7
P001,2026-09-07T08:15:20,920,79.5,98.0,16.1
P001,2026-09-07T08:15:25,925,79.2,98.4,16.7
P001,2026-09-07T08:15:30,930,78.9,97.7,16.9
P001,2026-09-07T08:15:35,935,78.4,98.4,16.0
P001,2026-09-07T08:15:40,940,78.2,98.2,16.9
P001,2026-09-07T08:15:45,945,78.5,98.0,16.2
P001,2026-09-07T08:15:50,950,78.3,98.2,16.1
P001,2026-09-07T08:15:55,955,77.6,98.2,16.5
P001,2026-09-07T08:16:00,960,78.0,98.0,16.1
P001,2026-09-07T08:16:05,965,79.5,97.9,15.9
P001,2026-09-07T08:16:10,970,78.5,98.0,16.1
P001,2026-09-07T08:16:15,975,78.8,98.3,16.2
P001,2026-09-07T08:16:20,980,77.2,98.0,16.2
P001,2026-09-07T08:16:25,985,78.2,98.3,15.8
P001,2026-09-07T08:16:30,990,78.2,98.0,16.4
P001,2026-09-07T08:16:35,995,78.7,98.0,16.1
P001,2026-09-07T08:16:40,1000,78.1,97.9,16.1
P001,2026-09-07T08:16:45,1005,79.2,98.1,16.4
P001,2026-09-07T08:16:50,1010,79.3,97.6,16.2
P001,2026-09-07T08:16:55,1015,79.0,97.8,16.1
P001,2026-09-07T08:17:00,1020,,,
P001,2026-09-07T08:17:05,1025,,,
P001,2026-09-07T08:17:10,1030,,,
P001,2026-09-07T08:17:15,1035,,,
P001,2026-09-07T08:17:20,1040,,,
P001,2026-09-07T08:17:25,1045,,,
P001,2026-09-07T08:17:30,1050,79.1,97.8,16.2
P001,2026-09-07T08:17:35,1055,77.8,97.6,16.4
P001,2026-09-07T08:17:40,1060,77.9,98.0,15.8
P001,2026-09-07T08:17:45,1065,77.8,97.8,16.0
P001,2026-09-07T08:17:50,1070,78.9,97.7,16.1
P001,2026-09-07T08:17:55,1075,78.3,97.7,16.5
P001,2026-09-07T08:18:00,1080,78.9,97.5,16.0
P001,2026-09-07T08:18:05,1085,77.8,97.7,16.0
P001,2026-09-07T08:18:10,1090,79.0,98.3,16.0
P001,2026-09-07T08:18:15,1095,78.6,98.1,16.6
P001,2026-09-07T08:18:20,1100,78.2,98.1,16.4
P001,2026-09-07T08:18:25,1105,79.0,97.9,16.1
P001,2026-09-07T08:18:30,1110,78.6,98.1,16.2
P001,2026-09-07T08:18:35,1115,79.5,98.0,15.9
P001,2026-09-07T08:18:40,1120,79.3,97.8,16.2
P001,2026-09-07T08:18:45,1125,79.2,97.9,16.2
P001,2026-09-07T08:18:50,1130,78.3,97.9,16.7
P001,2026-09-07T08:18:55,1135,77.5,98.0,16.3
P001,2026-09-07T08:19:00,1140,77.9,98.0,16.4
P001,2026-09-07T08:19:05,1145,78.5,97.9,16.4
P001,2026-09-07T08:19:10,1150,78.7,97.8,16.3
P001,2026-09-07T08:19:15,1155,79.8,97.9,16.4
P001,2026-09-07T08:19:20,1160,77.6,97.8,16.3
P001,2026-09-07T08:19:25,1165,78.4,97.6,16.7
P001,2026-09-07T08:19:30,1170,78.3,97.9,16.2
P001,2026-09-07T08:19:35,1175,78.2,97.9,16.8
P001,2026-09-07T08:19:40,1180,79.0,98.0,15.6
P001,2026-09-07T08:19:45,1185,78.3,97.5,15.9
P001,2026-09-07T08:19:50,1190,77.7,98.1,16.2
P001,2026-09-07T08:19:55,1195,77.6,97.5,16.4
